id,class
1,p
2,p
3,e
4,e
5,p
6,e
7,e
8,e
9,e
10,p
11,e
12,p
13,p
14,p
15,e
16,e
17,p
18,p
19,p
20,e
21,e
22,p
23,p
24,e
25,p
26,p
27,p
28,e
29,e
30,e
31,p
32,p
33,p
34,p
35,p
36,p
37,p
38,e
39,e
40,e
41,p
42,e
43,e
44,e
45,p
46,p
47,e
48,p
49,e
50,p
51,e
52,p
53,p
54,p
55,e
56,e
57,e
58,e
59,e
60,p
61,p
62,e
63,e
64,e
65,e
66,p
67,e
68,e
69,p
70,p
71,p
72,p
73,p
74,p
75,e
76,p
77,p
78,p
79,p
80,p
81,p
82,e
83,e
84,e
85,e
86,p
87,p
88,p
89,e
90,e
91,p
92,p
93,e
94,p
95,p
96,e
97,p
98,p
99,p
100,e
101,e
102,e
103,e
104,p
105,e
106,e
107,p
108,e
109,p
110,e
111,p
112,e
113,p
114,p
115,p
116,e
117,e
118,e
119,e
120,e
121,p
122,p
123,e
124,p
125,e
126,p
127,e
128,e
129,e
130,e
131,e
132,p
133,p
134,p
135,p
136,p
137,p
138,e
139,e
140,e
141,p
142,e
143,e
144,p
145,e
146,p
147,p
148,e
149,p
150,e
151,p
152,e
153,p
154,e
155,p
156,p
157,e
158,e
159,e
160,p
161,p
162,e
163,p
164,e
165,p
166,p
167,p
168,e
169,e
170,e
171,e
172,p
173,e
174,e
175,p
176,p
177,p
178,p
179,e
180,e
181,p
182,e
183,p
184,e
185,e
186,p
187,p
188,p
189,p
190,e
191,p
192,e
193,p
194,p
195,e
196,e
197,e
198,p
199,p
200,p
201,e
202,p
203,e
204,e
205,e
206,e
207,e
208,p
209,e
210,p
211,e
212,e
213,p
214,p
215,p
216,p
217,p
218,e
219,p
220,e
221,e
222,e
223,e
224,e
225,e
226,e
227,p
228,e
229,e
230,e
231,e
232,e
233,e
234,e
235,p
236,e
237,p
238,e
239,e
240,p
241,e
242,e
243,p
244,p
245,p
246,e
247,p
248,p
249,p
250,e
251,e
252,p
253,p
254,p
255,p
256,e
257,e
258,p
259,e
260,e
261,p
262,p
263,e
264,e
265,p
266,e
267,e
268,e
269,e
270,e
271,p
272,e
273,e
274,e
275,e
276,e
277,p
278,e
279,p
280,p
281,p
282,p
283,p
284,e
285,p
286,e
287,e
288,e
289,p
290,e
291,p
292,e
293,e
294,e
295,p
296,p
297,e
298,p
299,p
300,p
301,p
302,e
303,p
304,e
305,e
306,p
307,p
308,e
309,p
310,e
311,p
312,e
313,p
314,e
315,p
316,e
317,e
318,e
319,e
320,e
321,p
322,p
323,e
324,p
325,e
326,e
327,e
328,p
329,e
330,e
331,e
332,e
333,e
334,e
335,p
336,p
337,e
338,p
339,p
340,p
341,p
342,p
343,p
344,e
345,e
346,p
347,p
348,e
349,p
350,e
351,p
352,e
353,p
354,e
355,e
356,p
357,e
358,p
359,p
360,e
361,p
362,e
363,p
364,e
365,e
366,e
367,e
368,p
369,p
370,e
371,p
372,e
373,p
374,e
375,e
376,p
377,p
378,e
379,e
380,e
381,e
382,p
383,p
384,p
385,e
386,p
387,p
388,p
389,p
390,e
391,e
392,p
393,e
394,e
395,p
396,p
397,e
398,p
399,p
400,e
401,p
402,p
403,e
404,e
405,p
406,p
407,e
408,e
409,e
410,p
411,p
412,e
413,e
414,p
415,p
416,p
417,p
418,p
419,p
420,p
421,p
422,p
423,p
424,p
425,e
426,p
427,e
428,p
429,p
430,e
431,p
432,e
433,p
434,e
435,e
436,e
437,e
438,e
439,p
440,p
441,p
442,e
443,e
444,e
445,p
446,e
447,p
448,p
449,e
450,e
451,p
452,p
453,p
454,e
455,e
456,e
457,p
458,e
459,p
460,p
461,p
462,p
463,e
464,p
465,e
466,p
467,p
468,e
469,e
470,e
471,p
472,e
473,p
474,e
475,p
476,e
477,e
478,p
479,e
480,p
481,e
482,p
483,e
484,e
485,p
486,e
487,e
488,e
489,e
490,e
491,e
492,p
493,p
494,p
495,p
496,p
497,p
498,p
499,p
500,p
501,e
502,p
503,e
504,e
505,e
506,e
507,p
508,e
509,e
510,p
511,p
512,p
513,e
514,p
515,p
516,p
517,p
518,e
519,p
520,e
521,e
522,p
523,p
524,p
525,e
526,e
527,e
528,e
529,p
530,e
531,e
532,p
533,p
534,p
535,e
536,e
537,e
538,e
539,e
540,p
541,p
542,p
543,e
544,e
545,e
546,p
547,p
548,e
549,e
550,p
551,e
552,p
553,e
554,p
555,p
556,p
557,p
558,e
559,e
560,p
561,p
562,p
563,p
564,e
565,p
566,e
567,p
568,e
569,p
570,e
571,e
572,p
573,p
574,e
575,e
576,e
577,e
578,e
579,e
580,e
581,p
582,e
583,e
584,p
585,e
586,p
587,p
588,e
589,e
590,e
591,e
592,e
593,e
594,e
595,e
596,e
597,p
598,p
599,p
600,p
601,e
602,p
603,p
604,p
605,e
606,e
607,p
608,e
609,e
610,e
611,p
612,e
613,p
614,p
615,e
616,p
617,e
618,e
619,e
620,p
621,e
622,e
623,p
624,p
625,p
626,p
627,e
628,e
629,e
630,e
631,e
632,p
633,p
634,e
635,e
636,e
637,p
638,e
639,e
640,e
641,p
642,p
643,p
644,p
645,p
646,p
647,e
648,e
649,e
650,e
651,p
652,p
653,e
654,p
655,e
656,e
657,e
658,e
659,p
660,e
661,p
662,e
663,e
664,e
665,e
666,p
667,e
668,p
669,p
670,p
671,p
672,p
673,p
674,e
675,p
676,p
677,p
678,p
679,p
680,e
681,e
682,e
683,e
684,p
685,p
686,e
687,p
688,p
689,p
690,p
691,e
692,e
693,e
694,e
695,e
696,e
697,p
698,p
699,e
700,p
701,p
702,e
703,e
704,e
705,e
706,e
707,e
708,p
709,p
710,p
711,p
712,e
713,e
714,p
715,p
716,p
717,p
718,p
719,e
720,p
721,p
722,e
723,p
724,p
725,p
726,p
727,p
728,p
729,p
730,e
731,e
732,e
733,e
734,p
735,e
736,p
737,e
738,p
739,e
740,p
741,p
742,p
743,e
744,e
745,p
746,e
747,e
748,e
749,e
750,e
751,e
752,e
753,e
754,e
755,e
756,p
757,p
758,e
759,e
760,p
761,p
762,e
763,p
764,p
765,e
766,e
767,p
768,p
769,e
770,e
771,p
772,p
773,e
774,e
775,p
776,p
777,p
778,p
779,e
780,e
781,p
782,e
783,e
784,e
785,e
786,p
787,e
788,e
789,e
790,e
791,p
792,e
793,p
794,e
795,e
796,p
797,e
798,p
799,p
800,e
801,e
802,p
803,e
804,p
805,p
806,e
807,p
808,e
809,p
810,p
811,e
812,e
813,p
814,e
815,e
816,p
817,p
818,p
819,e
820,e
821,p
822,e
823,p
824,e
825,p
826,p
827,e
828,e
829,p
830,e
831,e
832,p
833,p
834,e
835,p
836,e
837,e
838,p
839,p
840,p
841,p
842,p
843,p
844,p
845,e
846,e
847,e
848,p
849,e
850,e
851,e
852,p
853,e
854,e
855,e
856,p
857,p
858,e
859,p
860,p
861,e
862,e
863,p
864,e
865,e
866,p
867,e
868,e
869,p
870,p
871,p
872,e
873,e
874,p
875,e
876,e
877,e
878,p
879,e
880,e
881,p
882,p
883,p
884,e
885,e
886,e
887,e
888,p
889,p
890,e
891,e
892,e
893,e
894,e
895,e
896,e
897,p
898,e
899,p
900,p
901,p
902,p
903,e
904,p
905,e
906,e
907,e
908,e
909,e
910,e
911,p
912,e
913,e
914,p
915,p
916,e
917,p
918,p
919,e
920,e
921,e
922,e
923,e
924,p
925,p
926,e
927,e
928,p
929,p
930,p
931,e
932,p
933,p
934,e
935,e
936,e
937,p
938,e
939,e
940,p
941,e
942,e
943,p
944,e
945,e
946,e
947,p
948,p
949,e
950,p
951,e
952,p
953,p
954,p
955,p
956,e
957,p
958,p
959,p
960,e
961,p
962,e
963,e
964,p
965,e
966,p
967,e
968,p
969,p
970,p
971,p
972,p
973,e
974,e
975,e
976,e
977,e
978,e
979,p
980,e
981,e
982,e
983,e
984,e
985,p
986,p
987,p
988,e
989,e
990,p
991,e
992,p
993,p
994,e
995,p
996,p
997,p
998,p
999,p